---,StoreLevel,ExpNeeded
0,"0","1.000000"
1,"1","447.000000"
2,"2","671.000000"
3,"3","802.000000"
4,"4","895.000000"
5,"5","967.000000"
6,"6","1026.000000"
7,"7","1075.000000"
8,"8","1118.000000"
9,"9","1156.000000"
10,"10","1190.000000"
11,"11","1221.000000"
12,"12","1249.000000"
13,"13","1275.000000"
14,"14","1299.000000"
